covariate,bin,method,mean_diff,ci_lo,ci_hi,n
effect_size,0,knn__geneformer,-0.09073302133336061,-0.14944407461106612,-0.027038381608564536,53
effect_size,0,knn__scgpt,-0.0989585840527942,-0.16371774072484077,-0.03507854401976222,53
effect_size,0,ridge__geneformer,-0.024885492704401286,-0.07802838645790969,0.03531451031579787,53
effect_size,0,ridge__scgpt,-0.027822345334910008,-0.09338905195061488,0.04332874326477691,53
effect_size,0,finetune__scgpt,-0.21248873135838325,-0.2796298914965005,-0.14598846754375686,53
effect_size,1,knn__geneformer,-0.22862379208563605,-0.30397173798408805,-0.16066657676052307,52
effect_size,1,knn__scgpt,-0.19767927247876807,-0.27766521848527126,-0.12807586240209004,52
effect_size,1,ridge__geneformer,-0.18660856316187824,-0.2595382127650323,-0.12833783990386632,52
effect_size,1,ridge__scgpt,-0.18832758850213321,-0.2566125858818596,-0.12879443544599145,52
effect_size,1,finetune__scgpt,-0.32221045588291547,-0.39545338189530915,-0.2518549329807069,52
effect_size,2,knn__geneformer,-0.2356659035155554,-0.327395800171621,-0.1385461333799597,53
effect_size,2,knn__scgpt,-0.15654467578653497,-0.22787060611699622,-0.08189137087786957,53
effect_size,2,ridge__geneformer,-0.1935196102305726,-0.27310263509131616,-0.11340212687954929,53
effect_size,2,ridge__scgpt,-0.1331977777467204,-0.19003748077315152,-0.07494824282376397,53
effect_size,2,finetune__scgpt,-0.2978711219384807,-0.38806921268900785,-0.20348597881170155,53
nn_similarity,0,knn__geneformer,-0.08512304893075029,-0.135171555393251,-0.029048157700477483,53
nn_similarity,0,knn__scgpt,-0.09963076644312807,-0.1535695930472288,-0.049269078946002756,53
nn_similarity,0,ridge__geneformer,-0.038638813381616385,-0.08648398333227224,0.01020233785959689,53
nn_similarity,0,ridge__scgpt,-0.06026917414789011,-0.11698761319337583,-0.0025124341204120935,53
nn_similarity,0,finetune__scgpt,-0.16733073701322485,-0.2175970239855815,-0.11317070863280124,53
nn_similarity,1,knn__geneformer,-0.15254925263464605,-0.23533500978523011,-0.06487658329914417,52
nn_similarity,1,knn__scgpt,-0.11432106461589672,-0.18639733160649058,-0.04442405137719117,52
nn_similarity,1,ridge__geneformer,-0.09530734592064935,-0.17103527632764914,-0.023728975857751022,52
nn_similarity,1,ridge__scgpt,-0.07452599030167163,-0.14186486757909966,-0.006752069961534905,52
nn_similarity,1,finetune__scgpt,-0.2185819034501521,-0.30091080559854044,-0.13165025235987896,52
nn_similarity,2,knn__geneformer,-0.31591504670026904,-0.39906450721926207,-0.2301142826898192,53
nn_similarity,2,knn__scgpt,-0.23765790488430125,-0.32554381716768416,-0.15571960252101352,53
nn_similarity,2,ridge__geneformer,-0.2693448423183367,-0.3406690076806469,-0.1936899483052492,53
nn_similarity,2,ridge__scgpt,-0.21240534716815543,-0.28013605066364433,-0.14626411055597088,53
nn_similarity,2,finetune__scgpt,-0.444702413010124,-0.5152927685889191,-0.37185366634138034,53
go_terms,0,knn__geneformer,-0.23176002879057264,-0.31120027604976724,-0.15602222782626712,53
go_terms,0,knn__scgpt,-0.2148570146225649,-0.30534223627540436,-0.12873460179345506,53
go_terms,0,ridge__geneformer,-0.17875009811062856,-0.2615286787544403,-0.10062957080619145,53
go_terms,0,ridge__scgpt,-0.13734910389819996,-0.20381774843054468,-0.06637851984279387,53
go_terms,0,finetune__scgpt,-0.2969317114871711,-0.37877359140440203,-0.2130709214740378,53
go_terms,1,knn__geneformer,-0.16658486152974622,-0.24368119657090223,-0.10205483468494347,52
go_terms,1,knn__scgpt,-0.12477293363387626,-0.18217017361882812,-0.07401925517386583,52
go_terms,1,ridge__geneformer,-0.13701507178982697,-0.20015525396916722,-0.08128232853867622,52
go_terms,1,ridge__scgpt,-0.130432288427286,-0.19645633570216203,-0.07603659764459535,52
go_terms,1,finetune__scgpt,-0.29531376702114515,-0.3689563113448709,-0.22166840523650735,52
go_terms,2,knn__geneformer,-0.1555072807546881,-0.23779398599037263,-0.0724968587393917,53
go_terms,2,knn__scgpt,-0.11217699276269578,-0.1735955758543798,-0.05082922285879247,53
go_terms,2,ridge__geneformer,-0.08831276994409368,-0.15687527387145267,-0.01977050277224702,53
go_terms,2,ridge__scgpt,-0.08047395510592198,-0.14011519223484614,-0.013133015560739461,53
go_terms,2,finetune__scgpt,-0.23981734597595808,-0.3123577234618336,-0.1595577303011436,53
