method,metric,mean,ci_lo,ci_hi,n
knn__geneformer,pearson_all,0.44614790911709495,0.4166987383383984,0.4800695833018538,158
knn__geneformer,pearson_de,0.48349849667314293,0.43436794432911185,0.5360057913012951,158
knn__geneformer,pearson_centered,0.17824335076131126,0.14255994127583968,0.21530985051666365,158
knn__geneformer,disc_rank,0.43330087633885106,0.3860313209996754,0.48613883479389797,158
knn__genept,pearson_all,0.44727859820834853,0.4134250024889051,0.48633832076472494,158
knn__genept,pearson_de,0.488508083311644,0.43388619856797656,0.5408049055069911,158
knn__genept,pearson_centered,0.25657988908507673,0.21287099538838708,0.29945382767826884,158
knn__genept,disc_rank,0.3505355404089581,0.30606134371957155,0.3989897760467381,158
knn__go,pearson_all,0.5107232677824161,0.47625349152624835,0.5448686987851349,158
knn__go,pearson_de,0.5379025833767056,0.485796227136561,0.5920172269455464,158
knn__go,pearson_centered,0.30981458540990525,0.2667418715653747,0.34865119974287406,158
knn__go,disc_rank,0.37414800389483927,0.3281280428432327,0.42439143135345664,158
knn__pca,pearson_all,0.42586420816533577,0.39515788795223167,0.45971644147115337,158
knn__pca,pearson_de,0.46464252915672744,0.40836189763641123,0.5154558761184093,158
knn__pca,pearson_centered,0.15456555836208366,0.10997425114915274,0.1976451603256555,158
knn__pca,disc_rank,0.42072379097695556,0.37275641025641026,0.4703180785459267,158
knn__random,pearson_all,0.2731090962115075,0.24657976357479455,0.299391811531369,158
knn__random,pearson_de,0.30026759575300993,0.24747628801061516,0.3563404035253635,158
knn__random,pearson_centered,-0.022731632464529066,-0.05224616072086958,0.007292468670063206,158
knn__random,disc_rank,0.5045439792275236,0.45867616033755276,0.5547732067510549,158
knn__scgpt,pearson_all,0.4656059634481673,0.43460608961340835,0.49808615511056,158
knn__scgpt,pearson_de,0.5073193280937409,0.4522706337837352,0.5600485445523816,158
knn__scgpt,pearson_centered,0.2122090802870406,0.17136848423459483,0.2535191255076828,158
knn__scgpt,disc_rank,0.4121226874391431,0.36099683544303796,0.4652852158390133,158
knn__string,pearson_all,0.5154179439480806,0.47889585025564446,0.5514029270571265,158
knn__string,pearson_de,0.5481683306342462,0.48844203767924443,0.603067706790396,158
knn__string,pearson_centered,0.3347527044326639,0.28723244053489516,0.3790363885035512,158
knn__string,disc_rank,0.31905225576111657,0.27393297630639407,0.3701740506329114,158
no_change,pearson_all,0.0,0.0,0.0,158
no_change,pearson_de,0.0,0.0,0.0,158
no_change,pearson_centered,0.009708746936559312,-0.04008903959386601,0.059387143841359805,158
no_change,disc_rank,0.5,0.4543086660175268,0.5504036838688737,158
ridge__geneformer,pearson_all,0.46027927199977414,0.4294956239275241,0.49071168636501966,158
ridge__geneformer,pearson_de,0.49636019649796836,0.444995252281144,0.5459081297954812,158
ridge__geneformer,pearson_centered,0.2282969233276045,0.1933277183547191,0.262906488901997,158
ridge__geneformer,disc_rank,0.4707075624797145,0.42437520285621555,0.5217461863031483,158
ridge__genept,pearson_all,0.4868391308801673,0.45369450999736854,0.5211100602007562,158
ridge__genept,pearson_de,0.5360045823725669,0.4859683287086165,0.584827067524129,158
ridge__genept,pearson_centered,0.2756061733320359,0.23448747624191033,0.31825541422873826,158
ridge__genept,disc_rank,0.420155793573515,0.3757485394352483,0.46827531645569614,158
ridge__go,pearson_all,0.4783964519463335,0.44717989196894736,0.5090364258386477,158
ridge__go,pearson_de,0.5182885619460809,0.4709247703204853,0.56546006778155,158
ridge__go,pearson_centered,0.3173158854794766,0.2741413514060611,0.3588902941920382,158
ridge__go,disc_rank,0.46332359623498864,0.4181069457968193,0.5168796656929567,158
ridge__pca,pearson_all,0.43209932388179545,0.4019745434113464,0.46121149962974245,158
ridge__pca,pearson_de,0.46875603634220464,0.4162435324594775,0.519166417180759,158
ridge__pca,pearson_centered,0.17742336194588257,0.14091236433952944,0.21575666323524245,158
ridge__pca,disc_rank,0.49772801038623826,0.45406320999675437,0.5488031483284648,158
ridge__random,pearson_all,0.28485299287965615,0.26012050569795125,0.31119612893448284,158
ridge__random,pearson_de,0.340423880140854,0.28559198934402563,0.39218020527358716,158
ridge__random,pearson_centered,0.0017321068324821294,-0.027263781915735717,0.030190090674857655,158
ridge__random,disc_rank,0.5050308341447582,0.45941658552418047,0.555422346640701,158
ridge__scgpt,pearson_all,0.4633053801641361,0.431490011316469,0.49469937479790993,158
ridge__scgpt,pearson_de,0.4982654734502609,0.44623270700328643,0.5488483684825165,158
ridge__scgpt,pearson_centered,0.2469805601284523,0.21299890435383795,0.2823144307481004,158
ridge__scgpt,disc_rank,0.4706264199935086,0.42420480363518337,0.5220038136968516,158
ridge__string,pearson_all,0.5215759783363362,0.48750944377342537,0.5581959191540868,158
ridge__string,pearson_de,0.574776798071217,0.5211787332560778,0.6236000904664474,158
ridge__string,pearson_centered,0.36297487104894177,0.31854668512630296,0.40445622098746786,158
ridge__string,disc_rank,0.33179162609542356,0.2853760954235638,0.380154576436222,158
train_mean,pearson_all,0.42582911049011546,0.3970365625840173,0.45403422288997036,158
train_mean,pearson_de,0.4639489795759832,0.4109505127427936,0.5152204125369063,158
train_mean,pearson_centered,0.0,0.0,0.0,158
train_mean,disc_rank,0.5000000000000001,0.45560288867250903,0.5516228497241156,158
noise_ceiling,pearson_all,0.5811419889950593,0.546410996917027,0.6153105864981107,158
noise_ceiling,pearson_de,0.9654711410951495,0.9566769657848955,0.9726411298509088,158
noise_ceiling,pearson_centered,0.5448016882926884,0.5123172155338174,0.5756776765466307,158
noise_ceiling,disc_rank,0.07732878935410582,0.05257830249918857,0.10418898085037324,158
noise_ceiling_sb,pearson_all,0.8344015505582838,0.8159727952479128,0.8520550248692482,158
noise_ceiling_sb,pearson_de,0.990645833405293,0.9878537759982159,0.9928224686719055,158
noise_ceiling_sb,pearson_centered,0.8176458619367885,0.7987303376258499,0.8349494992991496,158
noise_ceiling_sb,disc_rank,,,,0
finetune__scgpt,pearson_all,0.37260307483293154,0.3502221139236041,0.39624645052688584,158
finetune__scgpt,pearson_de,0.5837322606837835,0.5448672657237891,0.620824603348028,158
finetune__scgpt,pearson_centered,0.08573426389295825,0.06796192423496092,0.10477384521298452,158
finetune__scgpt,disc_rank,0.4787406686140864,0.4328119928594612,0.5294628367413177,158
