method,pred_target,obs_target,pearson_de_offtarget,n
ridge__string,-0.02050743751379753,-0.746489252659339,0.6669324358272343,158
knn__string,-0.010295820681089418,-0.746489252659339,0.6339289246899154,158
knn__go,-0.020698513530630947,-0.746489252659339,0.6212971186290457,158
ridge__genept,-0.02438977876397386,-0.746489252659339,0.5954970785263733,158
ridge__go,-0.01870104889484871,-0.746489252659339,0.5838934866428491,158
knn__scgpt,-0.02253842385015318,-0.746489252659339,0.5774486894111869,158
ridge__scgpt,-0.02109855841066332,-0.746489252659339,0.5562031863502599,158
knn__genept,-0.031875347423735975,-0.746489252659339,0.5538972114475056,158
ridge__geneformer,-0.022512246322076875,-0.746489252659339,0.5509955722612335,158
knn__geneformer,-0.026570532170324762,-0.746489252659339,0.5398173861907959,158
knn__pca,-0.03434076736728089,-0.746489252659339,0.5243416013396788,158
ridge__pca,-0.02205927255020274,-0.746489252659339,0.516933124424516,158
train_mean,-0.019676488447565803,-0.746489252659339,0.5148276199316055,158
finetune__scgpt,-0.7247419376869367,-0.746489252659339,0.4602775820711159,158
ridge__random,-0.02266105463215492,-0.746489252659339,0.3678200360865161,158
knn__random,-0.022479669916144383,-0.746489252659339,0.3335030525294072,158
no_change,0.0,-0.746489252659339,0.0,158
